レディース,,
メンズ,,
ベビー・キッズ,,
インテリア・住まい・小物,,
本・音楽・ゲーム,,
おもちゃ・ホビー・グッズ,,
コスメ・香水・美容,,
家電・スマホ・カメラ,,
スポーツ・レジャー,,
ハンドメイド,,
チケット,,
自転車・オートバイ,,
その他,,
トップス,1,
ジャケット/アウター,1,
パンツ,1,
スカート,1,
ワンピース,1,
靴,1,
ルームウェア/パジャマ,1,
レッグウェア,1,
帽子,1,
バッグ,1,
アクセサリー,1,
ヘアアクセサリー,1,
小物,1,
時計,1,
ウィッグ/エクステ,1,
浴衣/水着,1,
スーツ/フォーマル/ドレス,1,
マタニティ,1,
その他,1,
トップス,2,
ジャケット/アウター,2,
パンツ,2,
靴,2,
バッグ,2,
スーツ,2,
帽子,2,
アクセサリー,2,
小物,2,
時計,2,
水着,2,
レッグウェア,2,
アンダーウェア,2,
その他,2,
ベビー服(女の子用) 〜95cm,3,
ベビー服(男の子用) 〜95cm,3,
ベビー服(男女兼用) 〜95cm,3,
キッズ服(女の子用) 100cm〜,3,
キッズ服(男の子用) 100cm〜,3,
キッズ服(男女兼用) 100cm〜,3,
キッズ靴,3,
子ども用ファッション小物,3,
おむつ/トイレ/バス,3,
外出/移動用品,3,
授乳/食事,3,
ベビー家具/寝具/室内用品,3,
おもちゃ,3,
行事/記念品,3,
その他,3,
キッチン/食器,4,
ベッド/マットレス,4,
ソファ/ソファベッド,4,
椅子/チェア,4,
机/テーブル,4,
収納家具,4,
ラグ/カーペット/マット,4,
カーテン/ブラインド,4,
ライト/照明,4,
寝具,4,
インテリア小物,4,
季節/年中行事,4,
その他,4,
本,5,
漫画,5,
雑誌,5,
CD,5,
DVD/ブルーレイ,5,
レコード,5,
テレビゲーム,5,
おもちゃ,6,
タレントグッズ,6,
コミック/アニメグッズ,6,
トレーディングカード,6,
フィギュア,6,
楽器/器材,6,
コレクション,6,
ミリタリー,6,
美術品,6,
アート用品,6,
その他,6,
ベースメイク,7,
メイクアップ,7,
ネイルケア,7,
香水,7,
スキンケア/基礎化粧品,7,
ヘアケア,7,
ボディケア,7,
オーラルケア,7,
リラクゼーション,7,
ダイエット,7,
その他,7,
スマートフォン/携帯電話,8,
スマホアクセサリー,8,
PC/タブレット,8,
カメラ,8,
テレビ/映像機器,8,
オーディオ機器,8,
美容/健康,8,
冷暖房/空調,8,
生活家電,8,
その他,8,
ゴルフ,9,
フィッシング,9,
自転車,9,
トレーニング/エクササイズ,9,
野球,9,
サッカー/フットサル,9,
テニス,9,
スノーボード,9,
スキー,9,
その他スポーツ,9,
アウトドア,9,
その他,9,
アクセサリー(女性用),10,
ファッション/小物,10,
アクセサリー/時計,10,
日用品/インテリア,10,
趣味/おもちゃ,10,
キッズ/ベビー,10,
素材/材料,10,
二次創作物,10,
その他,10,
音楽,11,
スポーツ,11,
演劇/芸能,11,
イベント,11,
映画,11,
施設利用券,11,
優待券/割引券,11,
その他,11,
自動車本体,12,
自動車タイヤ/ホイール,12,
自動車パーツ,12,
自動車アクセサリー,12,
オートバイ車体,12,
オートバイパーツ,12,
オートバイアクセサリー,12,
まとめ売り,13,
ペット用品,13,
食品,13,
飲料/酒,13,
日用品/生活雑貨/旅行,13,
アンティーク/コレクション,13,
文房具/事務用品,13,
事務/店舗用品,13,
その他,13,
Tシャツ/カットソー(半袖/袖なし),14,1
Tシャツ/カットソー(七分/長袖),14,1
シャツ/ブラウス(半袖/袖なし),14,1
シャツ/ブラウス(七分/長袖),14,1
ポロシャツ,14,1
キャミソール,14,1
タンクトップ,14,1
ホルターネック,14,1
ニット/セーター,14,1
チュニック,14,1
カーディガン/ボレロ,14,1
アンサンブル,14,1
ベスト/ジレ,14,1
パーカー,14,1
トレーナー/スウェット,14,1
ベアトップ/チューブトップ,14,1
ジャージ,14,1
その他,14,1
テーラードジャケット,15,1
ノーカラージャケット,15,1
Gジャン/デニムジャケット,15,1
レザージャケット,15,1
ダウンジャケット,15,1
ライダースジャケット,15,1
ミリタリージャケット,15,1
ダウンベスト,15,1
ジャンパー/ブルゾン,15,1
ポンチョ,15,1
ロングコート,15,1
トレンチコート,15,1
ダッフルコート,15,1
ピーコート,15,1
チェスターコート,15,1
モッズコート,15,1
スタジャン,15,1
毛皮/ファーコート,15,1
スプリングコート,15,1
スカジャン,15,1
その他,15,1
デニム/ジーンズ,16,1
ショートパンツ,16,1
カジュアルパンツ,16,1
ハーフパンツ,16,1
チノパン,16,1
ワークパンツ/カーゴパンツ,16,1
クロップドパンツ,16,1
サロペット/オーバーオール,16,1
オールインワン,16,1
サルエルパンツ,16,1
ガウチョパンツ,16,1
その他,16,1
ミニスカート,17,1
ひざ丈スカート,17,1
ロングスカート,17,1
キュロット,17,1
その他,17,1
ミニワンピース,18,1
ひざ丈ワンピース,18,1
ロングワンピース,18,1
その他,18,1
ハイヒール/パンプス,19,4
ブーツ,19,4
サンダル,19,4
スニーカー,19,4
ミュール,19,4
モカシン,19,4
ローファー/革靴,19,4
フラットシューズ/バレエシューズ,19,4
長靴/レインシューズ,19,4
その他,19,4
パジャマ,20,1
ルームウェア,20,1
ソックス,21,
スパッツ/レギンス,21,
ストッキング/タイツ,21,
レッグウォーマー,21,
その他,21,
ニットキャップ/ビーニー,22,
ハット,22,
ハンチング/ベレー帽,22,
キャップ,22,
キャスケット,22,
麦わら帽子,22,
その他,22,
ハンドバッグ,23,
トートバッグ,23,
エコバッグ,23,
リュック/バックパック,23,
ボストンバッグ,23,
スポーツバッグ,23,
ショルダーバッグ,23,
クラッチバッグ,23,
ポーチ/バニティ,23,
ボディバッグ/ウェストバッグ,23,
マザーズバッグ,23,
メッセンジャーバッグ,23,
ビジネスバッグ,23,
旅行用バッグ/キャリーバッグ,23,
ショップ袋,23,
和装用バッグ,23,
かごバッグ,23,
その他,23,
ネックレス,24,
ブレスレット,24,
バングル/リストバンド,24,
リング,24,
ピアス(片耳用),24,
ピアス(両耳用),24,
イヤリング,24,
アンクレット,24,
ブローチ/コサージュ,24,
チャーム,24,
その他,24,
ヘアゴム/シュシュ,25,
ヘアバンド/カチューシャ,25,
ヘアピン,25,
その他,25,
長財布,26,
折り財布,26,
コインケース/小銭入れ,26,
名刺入れ/定期入れ,26,
キーケース,26,
キーホルダー,26,
手袋/アームカバー,26,
ハンカチ,26,
ベルト,26,
マフラー/ショール,26,
ストール/スヌード,26,
バンダナ/スカーフ,26,
ネックウォーマー,26,
サスペンダー,26,
サングラス/メガネ,26,
モバイルケース/カバー,26,
手帳,26,
イヤマフラー,26,
傘,26,
レインコート/ポンチョ,26,
ミラー,26,
タバコグッズ,26,
その他,26,
腕時計(アナログ),27,
腕時計(デジタル),27,
ラバーベルト,27,
レザーベルト,27,
金属ベルト,27,
その他,27,
前髪ウィッグ,28,
ロングストレート,28,
ロングカール,28,
ショートストレート,28,
ショートカール,28,
その他,28,
浴衣,29,
着物,29,
振袖,29,
長襦袢/半襦袢,29,
水着セパレート,29,1
水着ワンピース,29,1
水着スポーツ用,29,1
その他,29,
スカートスーツ上下,30,
パンツスーツ上下,30,
ドレス,30,
パーティーバッグ,30,
シューズ,30,
ウェディング,30,
その他,30,
トップス,31,
アウター,31,
インナー,31,
ワンピース,31,
パンツ/スパッツ,31,
スカート,31,
パジャマ,31,
授乳服,31,
その他,31,
コスプレ,32,
下着,32,
その他,32,
Tシャツ/カットソー(半袖/袖なし),33,1
Tシャツ/カットソー(七分/長袖),33,1
シャツ,33,1
ポロシャツ,33,1
タンクトップ,33,1
ニット/セーター,33,1
パーカー,33,1
カーディガン,33,1
スウェット,33,1
ジャージ,33,1
ベスト,33,1
その他,33,1
テーラードジャケット,34,1
ノーカラージャケット,34,1
Gジャン/デニムジャケット,34,1
レザージャケット,34,1
ダウンジャケット,34,1
ライダースジャケット,34,1
ミリタリージャケット,34,1
ナイロンジャケット,34,1
フライトジャケット,34,1
ダッフルコート,34,1
ピーコート,34,1
ステンカラーコート,34,1
トレンチコート,34,1
モッズコート,34,1
チェスターコート,34,1
スタジャン,34,1
スカジャン,34,1
ブルゾン,34,1
マウンテンパーカー,34,1
ダウンベスト,34,1
ポンチョ,34,1
カバーオール,34,1
その他,34,1
デニム/ジーンズ,35,1
ワークパンツ/カーゴパンツ,35,1
スラックス,35,1
チノパン,35,1
ショートパンツ,35,1
ペインターパンツ,35,1
サルエルパンツ,35,1
オーバーオール,35,1
その他,35,1
スニーカー,36,5
サンダル,36,5
ブーツ,36,5
モカシン,36,5
ドレス/ビジネス,36,5
長靴/レインシューズ,36,5
デッキシューズ,36,5
その他,36,5
ショルダーバッグ,37,
トートバッグ,37,
ボストンバッグ,37,
リュック/バックパック,37,
ウエストポーチ,37,
ボディーバッグ,37,
ドラムバッグ,37,
ビジネスバッグ,37,
トラベルバッグ,37,
メッセンジャーバッグ,37,
エコバッグ,37,
その他,37,
スーツジャケット,38,1
スーツベスト,38,1
スラックス,38,1
セットアップ,38,1
その他,38,
キャップ,39,
ハット,39,
ニットキャップ/ビーニー,39,
ハンチング/ベレー帽,39,
キャスケット,39,
サンバイザー,39,
その他,39,
ネックレス,40,
ブレスレット,40,
バングル/リストバンド,40,
リング,40,
ピアス(片耳用),40,
ピアス(両耳用),40,
アンクレット,40,
その他,40,
長財布,41,
折り財布,41,
マネークリップ,41,
コインケース/小銭入れ,41,
名刺入れ/定期入れ,41,
キーケース,41,
キーホルダー,41,
ネクタイ,41,
手袋,41,
ハンカチ,41,
ベルト,41,
マフラー,41,
ストール,41,
バンダナ,41,
ネックウォーマー,41,
サスペンダー,41,
ウォレットチェーン,41,
サングラス/メガネ,41,
モバイルケース/カバー,41,
手帳,41,
ストラップ,41,
ネクタイピン,41,
カフリンクス,41,
イヤマフラー,41,
傘,41,
レインコート,41,
ミラー,41,
タバコグッズ,41,
その他,41,
腕時計(アナログ),42,
腕時計(デジタル),42,
ラバーベルト,42,
レザーベルト,42,
金属ベルト,42,
その他,42,
一般水着,43,1
スポーツ用,43,1
アクセサリー,43,
その他,43,
ソックス,44,
レギンス/スパッツ,44,
レッグウォーマー,44,
その他,44,
トランクス,45,
ボクサーパンツ,45,
その他,45,